date,remark,result
11/11/1991,,0.15
12/28/1991,,0.21
2/20/1992,,0.74
2/21/1992,,0.39
2/22/1992,,1.1
2/23/1992,,1.85
2/24/1992,,1.85
2/25/1992,,2.2
2/27/1992,,2.128571429
2/28/1992,,2.5
2/29/1992,,2.2
3/1/1992,,2.1
3/2/1992,,1.1
3/4/1992,,0.57
3/9/1992,,0.415
3/10/1992,,0.74
3/16/1992,,0.32
3/17/1992,,0.175
4/15/1992,,0.44
4/16/1992,,0.34
4/19/1992,,0.97
4/20/1992,,0.876666667
4/22/1992,,0.515
4/29/1992,,0.225
5/22/1992,,1.31
5/23/1992,,0.34
7/2/1992,,0.326666667
7/8/1992,,0.1825
7/12/1992,,0.47
7/13/1992,,0.44
7/14/1992,,1.065
8/7/1992,,1.433333333
8/25/1992,,0.275
8/26/1992,,0.415
8/29/1992,,0.396666667
9/6/1992,,0.26
9/9/1992,,0.766666667
9/14/1992,,0.49
9/16/1992,,0.675
9/17/1992,,1.466666667
9/18/1992,,0.63
9/19/1992,,1.2
10/8/1992,,0.42
10/15/1992,,0.23
11/1/1992,,0.35
11/2/1992,,0.77
11/20/1992,,0.82
11/21/1992,,1.95
11/22/1992,,1
11/23/1992,,1.4
11/24/1992,,1.1
11/25/1992,,0.54
11/26/1992,,0.36
12/15/1992,,0.296666667
12/16/1992,,0.825
12/17/1992,,0.72
12/29/1992,,0.233333333
12/30/1992,,0.59
12/31/1992,,1.4
1/4/1993,,1.22
3/6/1993,,3.1
3/7/1993,,4.1
3/8/1993,,3.54
3/9/1993,,2.625
3/10/1993,,1.766666667
3/11/1993,,1.7
3/16/1993,,1.456
3/17/1993,,1.26
3/18/1993,,1.25
3/19/1993,,1.6
3/20/1993,,1.1
3/22/1993,,1.4
3/23/1993,,1.315
3/24/1993,,2.433333333
3/25/1993,,1.925
3/26/1993,,1.8
3/27/1993,,1.433333333
3/28/1993,,1.29
3/29/1993,,0.97
3/30/1993,,0.57
3/31/1993,,1.71
4/1/1993,,0.97
4/2/1993,,0.49
4/3/1993,,0.59
4/5/1993,,1.1
4/7/1993,,0.81
4/8/1993,,0.845
4/10/1993,,0.56
4/11/1993,,0.65
4/15/1993,,0.67
4/16/1993,,0.715
4/17/1993,,0.43
4/18/1993,,0.38
4/19/1993,,0.586666667
4/20/1993,,0.97
4/22/1993,,0.37
4/27/1993,,0.21
5/2/1993,,0.28
5/3/1993,,0.23
5/4/1993,,0.305
5/10/1993,,0.48
5/24/1993,,0.28
5/30/1993,,0.28
6/1/1993,,0.49
6/7/1993,,1.304
6/8/1993,,0.77
6/9/1993,,0.6
6/14/1993,,1.04
6/17/1993,,0.37
6/18/1993,,1.9
6/20/1993,,0.53
6/24/1993,,0.16
6/25/1993,,1.1
6/30/1993,,0.26
7/5/1993,,0.504
7/6/1993,,1.19
7/7/1993,,0.82
7/8/1993,,0.88
7/9/1993,,1.631666667
7/10/1993,,1.25
7/11/1993,,1.9
7/13/1993,,0.48
7/14/1993,,1.1
7/17/1993,,4.4
7/18/1993,,1.2
7/25/1993,,1.7975
7/27/1993,,0.825
7/28/1993,,1.305
8/9/1993,,0.27
8/15/1993,,0.25
8/16/1993,,0.64
8/17/1993,,0.52
8/23/1993,,1.6
8/24/1993,,2.5
8/30/1993,,1.65
8/31/1993,,0.95
9/13/1993,,0.595
9/14/1993,,1.325
9/15/1993,,0.81
9/17/1993,,0.52
9/25/1993,,0.48
9/26/1993,,0.98
9/29/1993,,0.26
10/9/1993,,0.265
11/14/1993,,0.2
11/15/1993,,0.22
11/25/1993,,0.11
11/26/1993,,0.735
12/16/1993,,0.29
1/3/1994,,0.07
6/9/1994,,0.17
6/13/1994,,0.193333333
6/16/1994,,0.24
6/18/1994,,0.4
6/19/1994,,0.29
6/20/1994,,0.235
6/22/1994,,0.13
6/23/1994,,0.578
6/24/1994,,0.875
6/26/1994,,0.79
6/27/1994,,0.6
6/30/1994,,0.48
7/5/1994,,4.445
7/7/1994,,0.553333333
7/8/1994,,3.12
7/20/1994,,0.4775
7/28/1994,,0.11
8/3/1994,,0.446666667
8/4/1994,,3.03
8/10/1994,,0.2935
8/11/1994,,1.133
8/12/1994,,0.725
8/18/1994,,0.236
8/24/1994,,0.507
8/31/1994,,0.215
9/9/1994,,0.443666667
9/10/1994,,0.919
9/14/1994,,0.777333333
9/15/1994,,1.145
9/16/1994,,0.8785
9/17/1994,,0.929
9/22/1994,,0.288
9/24/1994,,0.675
9/25/1994,,0.57
9/26/1994,,0.473
9/27/1994,,0.756
9/29/1994,,0.32
10/6/1994,,0.162
10/12/1994,,0.159
10/20/1994,,0.178
10/26/1994,,0.132
11/3/1994,,0.106
11/5/1994,,0.23
11/9/1994,,0.208
11/27/1994,,0.47
11/28/1994,,1.425
1/19/1995,,0.28
2/20/1995,,1.876666667
2/21/1995,,1.48
2/22/1995,,0.87
2/23/1995,,0.44
3/11/1995,,2.072
3/12/1995,,0.75
3/13/1995,,0.575
3/20/1995,,0.243333333
3/21/1995,,0.9
3/22/1995,,0.45
3/27/1995,,0.426666667
3/28/1995,,0.605
3/29/1995,,0.45
3/30/1995,,0.25
4/6/1995,,0.09
4/7/1995,,0.26
4/8/1995,,0.57
4/10/1995,,0.34
4/11/1995,,0.78
4/12/1995,,0.825
4/13/1995,,0.385
4/18/1995,,0.4025
4/19/1995,,0.54
4/21/1995,,0.41
4/26/1995,,0.33
4/27/1995,,0.853333333
4/28/1995,,0.35
5/4/1995,,0.16
5/8/1995,,0.364
5/9/1995,,0.4782
5/10/1995,,0.677
5/11/1995,,0.326
5/12/1995,,0.236
5/13/1995,,0.374
5/14/1995,,0.979
5/19/1995,,0.176
5/25/1995,,0.246
5/27/1995,,0.641333333
5/28/1995,,1.725
5/29/1995,,0.445
6/1/1995,,0.215
6/8/1995,,0.512
6/15/1995,,0.275
6/22/1995,,0.29
6/29/1995,,0.274
7/5/1995,,0.47
7/6/1995,,0.571
7/9/1995,,0.388
7/13/1995,,0.336
7/20/1995,,0.223
7/22/1995,,0.5335
7/23/1995,,0.619
7/24/1995,,0.608
7/25/1995,,0.481
7/26/1995,,0.463
7/27/1995,,0.337
8/3/1995,,0.567
8/10/1995,,0.284
8/16/1995,,2.535
8/17/1995,,2.63
8/19/1995,,0.655
8/20/1995,,1.08
8/24/1995,,0.359
8/31/1995,,0.439
9/6/1995,,0.241
9/13/1995,,0.2
9/19/1995,,0.408
9/20/1995,,0.307
9/28/1995,,0.171
9/30/1995,,0.546
10/4/1995,,1.96
10/23/1995,,0.32
10/27/1995,,0.375
10/28/1995,,0.815
11/1/1995,,0.563333333
11/2/1995,,1.25
11/3/1995,,0.69
12/1/1995,,0.16
1/3/1996,,0.06
1/18/1996,,1.655
1/19/1996,,1.2
1/22/1996,,0.22
2/9/1996,,1.4
2/10/1996,,1.6
2/12/1996,,1.1
2/13/1996,,1
2/23/1996,,0.4
2/24/1996,,1.005
2/26/1996,,1.4375
2/27/1996,,2.4
2/28/1996,,2.1
2/29/1996,,1.6
3/8/1996,,0.16
3/24/1996,,0.18
4/4/1996,,0.08
4/18/1996,,0.225
4/19/1996,,0.66
4/21/1996,,0.51
4/29/1996,,0.335
4/30/1996,,0.39
5/9/1996,,0.32
5/10/1996,,1.55
5/11/1996,,0.42
5/16/1996,,0.25
5/28/1996,,0.24
6/1/1996,,0.49
6/2/1996,,0.62
6/3/1996,,0.63
6/6/1996,,0.636
6/7/1996,,1.061666667
6/8/1996,,0.75
6/10/1996,,0.33
6/16/1996,,0.34
6/17/1996,,1.790909091
6/18/1996,,2.175
6/19/1996,,0.46
6/21/1996,,1.6
6/23/1996,,0.54
6/24/1996,,0.38
6/28/1996,,0.24
7/17/1996,,0.3
7/18/1996,,1.14125
7/19/1996,,0.72
7/20/1996,,0.53
7/22/1996,,0.346666667
7/23/1996,,0.27
7/25/1996,,0.19
8/5/1996,,0.22
8/6/1996,,0.5
8/7/1996,,0.49
9/3/1996,,1.7
9/25/1996,,0.08
9/26/1996,,0.2
10/17/1996,,0.193333333
10/22/1996,,0.23
10/23/1996,,0.26
10/29/1996,,0.31
10/30/1996,,0.77
12/15/1996,,0.32
12/31/1996,,0.09
1/3/1997,,0.48
1/4/1997,,3.1
1/5/1997,,1.7
1/13/1997,,0.08
1/22/1997,,1.638571429
1/23/1997,,1.7
2/2/1997,,1.3
2/3/1997,,1.8
2/10/1997,,0.29
2/18/1997,,2.058181818
2/19/1997,,1.666666667
2/20/1997,,1.325
2/21/1997,,2.928571429
2/22/1997,,2.6
2/25/1997,,0.51
2/28/1997,,0.78
3/1/1997,,3.05
3/2/1997,,1.7
3/3/1997,,0.96
3/7/1997,,0.29
3/9/1997,,1.37
3/10/1997,,1.1
3/12/1997,,0.46
3/17/1997,,0.25
3/21/1997,,0.245
3/25/1997,,0.263333333
3/26/1997,,0.29
4/2/1997,,0.18
4/20/1997,,0.36
4/23/1997,,0.12
4/30/1997,,0.45
5/1/1997,,0.65
5/2/1997,,0.315
5/3/1997,,0.38
5/7/1997,,0.15
5/27/1997,,0.14
5/29/1997,,0.1
6/4/1997,,0.09
6/15/1997,,0.6625
6/16/1997,,0.996666667
6/17/1997,,0.56
6/21/1997,,0.515
6/22/1997,,0.51
6/24/1997,,0.475
6/25/1997,,0.425
6/30/1997,,0.37
7/6/1997,,0.273333333
7/8/1997,,0.942857143
7/9/1997,,0.65
7/17/1997,,0.32
7/19/1997,,0.32
7/21/1997,,1.348571429
7/22/1997,,0.7
7/25/1997,,0.36
7/26/1997,,0.23
7/27/1997,,0.34
7/28/1997,,0.26
8/4/1997,,0.14
8/7/1997,,0.2
8/12/1997,,0.21
8/13/1997,,0.92
8/17/1997,,0.3
8/27/1997,,0.15
9/4/1997,,0.16
9/15/1997,,0.34
9/16/1997,,0.426
9/17/1997,,0.311
9/30/1997,,0.24
10/8/1997,,0.09
10/13/1997,,0.28
11/5/1997,,0.14
12/3/1997,,0.06
1/2/1998,,0.06
1/4/1998,,0.4395
1/5/1998,,0.394
1/28/1998,,0.03
2/11/1998,,0.14
2/15/1998,,0.177
2/16/1998,,0.5
2/17/1998,,0.635
2/20/1998,,0.17
2/27/1998,,0.225
3/1/1998,,0.27
3/17/1998,,0.14
3/18/1998,,0.14
3/21/1998,,0.3
3/27/1998,,0.29
3/30/1998,,2.392
3/31/1998,,2.394
4/1/1998,,1.16
4/2/1998,,0.59
4/3/1998,,0.27
4/5/1998,,0.17
4/7/1998,,0.25
4/8/1998,,0.49
4/9/1998,,0.54
4/12/1998,,0.21
4/13/1998,,0.22
4/14/1998,,0.3
4/15/1998,,0.6015
4/16/1998,,0.655
4/17/1998,,0.2
4/19/1998,,0.3
4/27/1998,,0.2
5/1/1998,,0.2
5/2/1998,,0.340333333
5/5/1998,,0.19
5/6/1998,,0.17
5/7/1998,,0.343818182
5/8/1998,,0.52
5/10/1998,,0.23
5/15/1998,,0.13
5/24/1998,,0.336
5/26/1998,,0.3
5/28/1998,,0.308
5/29/1998,,0.3
5/31/1998,,0.39
6/1/1998,,0.45
6/11/1998,,0.438333333
6/12/1998,,0.39
6/13/1998,,0.26
6/18/1998,,1.2425
6/19/1998,,1.131666667
6/20/1998,,0.325
6/22/1998,,0.94
6/23/1998,,0.44
6/24/1998,,0.51
6/25/1998,,1.39
6/27/1998,,1.538
6/28/1998,,1.145714286
6/29/1998,,0.42
7/2/1998,,0.31
7/3/1998,,1.11
7/5/1998,,0.35
7/7/1998,,0.48
7/13/1998,,0.56
7/19/1998,,0.433333333
7/20/1998,,0.36
7/24/1998,,0.22
8/6/1998,,0.22
8/20/1998,,0.32
8/24/1998,,0.32
9/1/1998,,0.2
9/14/1998,,0.313333333
9/15/1998,,1.12
9/16/1998,,0.7
9/30/1998,,0.41
10/2/1998,,0.72
10/3/1998,,0.35
10/5/1998,,0.708
10/6/1998,,0.77
10/7/1998,,1.03
10/17/1998,,0.366
10/18/1998,,1
10/19/1998,,1.05
11/9/1998,,0.16
11/10/1998,,0.8125
11/11/1998,,0.88
12/7/1998,,0.16
1/8/1999,,0.12
1/22/1999,,0.293333333
1/25/1999,,1.5
2/2/1999,,1.923333333
2/3/1999,,1.68
2/4/1999,,1.92
2/5/1999,,1.21
2/6/1999,,0.67
2/8/1999,,0.735
2/9/1999,,1.265
2/10/1999,,0.85
2/11/1999,,1.2175
2/12/1999,,1.08
3/12/1999,,0.07
4/1/1999,,0.05
4/3/1999,,0.425
4/4/1999,,0.61
4/5/1999,,0.43
4/6/1999,,0.25
4/8/1999,,0.46
4/9/1999,,1.42
4/10/1999,,0.63
4/11/1999,,0.36
4/20/1999,,0.16
4/22/1999,,0.58
4/23/1999,,1.548571429
4/24/1999,,0.75
4/26/1999,,0.225
4/28/1999,,0.32
5/6/1999,,0.3
5/7/1999,,0.31
5/16/1999,,0.985
5/17/1999,,1.366666667
5/18/1999,,0.57
5/20/1999,,0.16
5/23/1999,,0.245
5/24/1999,,0.27
6/1/1999,,0.27
6/2/1999,,0.26
6/4/1999,,0.23
6/6/1999,,1.201666667
6/7/1999,,1.594
6/9/1999,,0.4
6/10/1999,,0.38
6/13/1999,,0.245
6/14/1999,,0.26
6/21/1999,,0.16
6/22/1999,,0.345
6/23/1999,,0.21
6/28/1999,,0.15
6/29/1999,,0.41
7/1/1999,,0.403333333
7/2/1999,,0.52
7/16/1999,,0.19
7/17/1999,,0.234
7/18/1999,,0.276
7/20/1999,,0.617
7/21/1999,,0.98
7/22/1999,,0.533
7/31/1999,,0.4145
8/1/1999,,0.469
8/7/1999,,0.546
8/23/1999,,0.2245
8/31/1999,,0.109
9/13/1999,,0.11
9/27/1999,,0.257
9/28/1999,,0.209
10/1/1999,,0.194
10/16/1999,,0.144
11/8/1999,,0.074
11/23/1999,,0.222
1/26/2000,,0.063
2/21/2000,,0.063
2/22/2000,,0.366
2/23/2000,,1.8375
2/24/2000,,1.05675
2/25/2000,,0.634
2/26/2000,,0.9865
2/28/2000,,0.231
3/14/2000,,0.09
4/19/2000,,0.171
4/20/2000,,0.5314
4/22/2000,,0.17
4/23/2000,,0.191
4/24/2000,,0.227
5/8/2000,,0.238
5/12/2000,,0.199
5/18/2000,,3.394166667
5/19/2000,,0.709333333
5/20/2000,,0.455
5/22/2000,,0.213
5/27/2000,,0.195
5/28/2000,,0.469
5/29/2000,,0.214
5/30/2000,,0.83
5/31/2000,,1.8925
6/1/2000,,1.518222222
6/2/2000,,1.432
6/3/2000,,0.966
6/4/2000,,0.8
6/5/2000,,0.784
6/8/2000,,0.328
6/13/2000,,0.918857143
6/14/2000,,1.122
6/15/2000,,0.384
6/17/2000,,0.22
6/20/2000,,0.33
6/21/2000,,0.248
6/24/2000,,0.229
6/25/2000,,0.477
7/2/2000,,0.279
7/3/2000,,0.609
7/9/2000,,0.212
7/10/2000,,0.2415
7/11/2000,,0.677
7/26/2000,,0.164
8/1/2000,,0.353
8/2/2000,,0.201
8/5/2000,,1.358333333
8/6/2000,,0.824
8/7/2000,,0.434
8/17/2000,,0.229
8/26/2000,,0.67
8/27/2000,,0.713
9/3/2000,,0.233
9/8/2000,,0.199
9/11/2000,,0.5264
9/12/2000,,0.528
9/20/2000,,0.21
9/22/2000,,0.256
9/23/2000,,0.428
9/29/2000,,0.179
11/1/2000,,0.099
11/6/2000,,0.213
11/7/2000,,0.177
12/4/2000,,0.127
1/4/2001,,0.079
1/26/2001,,0.074
1/29/2001,,0.215
1/30/2001,,0.145333333
2/9/2001,,0.3258
2/10/2001,,0.308
2/11/2001,,0.262
2/25/2001,,0.195
2/26/2001,,0.321
3/3/2001,,0.444
3/9/2001,,0.1835
3/12/2001,,0.284
3/13/2001,,0.414
3/14/2001,,0.344
3/15/2001,,0.381
3/17/2001,,0.274
3/18/2001,,0.3745
3/19/2001,,0.385
3/20/2001,,0.473
3/21/2001,,0.5185
3/22/2001,,0.49
3/24/2001,,0.349
4/5/2001,,0.1595
4/9/2001,,0.312
4/11/2001,,0.2545
4/12/2001,,0.406
4/13/2001,,0.268
4/20/2001,,0.309
4/21/2001,,0.48
4/22/2001,,0.178
5/4/2001,,0.243
5/10/2001,,0.475
5/11/2001,,0.2875
5/21/2001,,0.662
5/22/2001,,0.526
5/23/2001,,1.08
5/24/2001,,0.509333333
6/1/2001,,0.374666667
6/2/2001,,0.324
6/5/2001,,0.251
6/7/2001,,0.243
6/11/2001,,1.212166667
6/12/2001,,0.4958
6/14/2001,,1.363375
6/15/2001,,0.707
6/16/2001,,0.445
6/17/2001,,0.281
6/18/2001,,0.339666667
6/19/2001,,0.3455
6/21/2001,,0.225
6/22/2001,,0.204
6/26/2001,,0.17
6/29/2001,,0.162
7/11/2001,,0.15
7/16/2001,,0.15
7/17/2001,,0.4025
7/18/2001,,0.465
8/1/2001,,0.76425
8/2/2001,,1.36
8/3/2001,,1.22
8/4/2001,,0.85
8/6/2001,,0.663
8/25/2001,,0.6602
8/26/2001,,0.608
8/29/2001,,0.281
9/6/2001,,0.156
9/10/2001,,0.551
9/17/2001,,0.208
9/19/2001,,0.375
9/20/2001,,0.437
9/22/2001,,0.304
9/23/2001,,0.715
9/24/2001,,0.721333333
9/26/2001,,0.2375
10/2/2001,,0.15
10/22/2001,,0.29875
10/23/2001,,0.784
10/24/2001,,0.4295
10/25/2001,,0.328
10/29/2001,,0.13
11/13/2001,,0.09
11/24/2001,,0.215
11/26/2001,,0.223
11/30/2001,,0.207
12/5/2001,,0.238
12/12/2001,,0.25
12/14/2001,,0.192
12/22/2001,,0.132
12/27/2001,,0.128
2/15/2002,,0.105
2/19/2002,,0.247
2/20/2002,,0.692
2/21/2002,,0.9
2/22/2002,,0.59
3/8/2002,,0.094
3/9/2002,,0.309
3/11/2002,,0.47
4/7/2002,,0.554
4/8/2002,,0.174
4/9/2002,,0.402
4/11/2002,,0.335
4/18/2002,,0.221
4/20/2002,,0.121
4/28/2002,,0.151
5/2/2002,,0.195
5/12/2002,,0.3825
5/14/2002,,0.908
5/25/2002,,0.189
6/3/2002,,0.491
6/4/2002,,0.4255
6/5/2002,,0.7315
6/7/2002,,0.398
6/13/2002,,0.247
7/3/2002,,0.115
7/17/2002,,0.066
8/7/2002,,0.097
8/11/2002,,0.792
8/12/2002,,0.3725
8/13/2002,,0.447
8/14/2002,,0.222
8/21/2002,,0.2685
8/22/2002,,0.318
8/23/2002,,0.185
9/2/2002,,0.214
9/3/2002,,0.179
9/16/2002,,0.121
9/19/2002,,0.138
9/27/2002,,0.062
9/29/2002,,0.144666667
9/30/2002,,0.075
10/4/2002,,0.611
10/5/2002,,0.691
10/6/2002,,0.716
11/20/2002,,0.104
12/17/2002,,0.157
12/18/2002,,0.231
12/19/2002,,0.173
1/8/2003,,0.305
1/22/2003,,0.061
2/13/2003,,0.058
3/12/2003,,0.07
3/14/2003,,0.405
3/15/2003,,1.64
3/17/2003,,1.19
4/30/2003,,0.738
5/1/2003,,0.75
5/2/2003,,0.697
5/3/2003,,0.634
5/5/2003,,0.2515
5/6/2003,,0.171
5/7/2003,,0.263
5/8/2003,,0.193
5/9/2003,,0.26075
5/10/2003,,0.372666667
5/11/2003,,0.247666667
5/12/2003,,0.194
5/13/2003,,0.2215
5/30/2003,,0.175
6/17/2003,,0.1555
6/28/2003,,0.167
6/29/2003,,0.109
7/6/2003,,0.148666667
7/9/2003,,0.154
7/15/2003,,0.364
7/16/2003,,0.275
7/28/2003,,0.1025
8/20/2003,,0.083
9/13/2003,,0.422
9/15/2003,,0.2935
9/16/2003,,0.334
9/26/2003,,0.093
11/2/2003,,0.168
11/3/2003,,0.2605
11/4/2003,,1.023181818
11/5/2003,,0.7175
11/10/2003,,0.284
11/23/2003,,0.579571429
11/24/2003,,0.663
11/26/2003,,0.497
12/9/2003,,0.143
12/10/2003,,0.251333333
12/11/2003,,0.332
12/15/2003,,0.296
1/12/2004,,0.085
2/2/2004,,0.063
2/21/2004,,0.32
2/23/2004,,0.899
2/24/2004,,1.41
2/25/2004,,1.505
2/26/2004,,1.22
2/27/2004,,1.05
2/28/2004,,1.1455
2/29/2004,,1.04
3/1/2004,,0.569
3/3/2004,,0.494
3/4/2004,,0.422
3/5/2004,,0.8064
3/6/2004,,0.926
3/7/2004,,0.659
3/23/2004,,0.11
3/25/2004,,0.3575
3/26/2004,,0.3265
3/28/2004,,0.386
3/29/2004,,0.221
4/14/2004,,0.077
5/6/2004,,0.079
5/14/2004,,0.118
5/21/2004,,1.021833333
5/22/2004,,1.716
5/23/2004,,1.185
5/24/2004,,0.889
5/28/2004,,0.311
5/30/2004,,0.519
6/2/2004,,0.307
6/10/2004,,0.122
6/11/2004,,0.391
6/12/2004,,1.93
6/14/2004,,0.295
6/16/2004,,0.226
6/17/2004,,0.232
6/18/2004,,0.201
7/3/2004,,0.24
7/4/2004,,0.2585
7/5/2004,,0.26
7/12/2004,,0.102
7/16/2004,,0.2315
7/18/2004,,0.263
8/3/2004,,0.493
8/4/2004,,0.534
8/6/2004,,0.44
8/31/2004,,0.0925
9/30/2004,,0.058
10/1/2004,,0.324
10/8/2004,,0.123
10/9/2004,,0.183
10/23/2004,,0.151333333
10/24/2004,,0.167
12/7/2004,,0.1745
12/9/2004,,0.228
1/2/2005,,0.312
1/11/2005,,0.131
1/12/2005,,0.196
1/13/2005,,0.4475
1/14/2005,,1.17
2/5/2005,,0.869333333
2/6/2005,,1.875
2/7/2005,,1.685
2/8/2005,,1.57
2/9/2005,,1.35
2/12/2005,,0.66
2/13/2005,,1.38
2/14/2005,,1.413333333
2/15/2005,,1.25
2/17/2005,,1.24
3/5/2005,,0.705
3/6/2005,,1.763333333
3/7/2005,,1.39
3/9/2005,,0.991
3/22/2005,,0.22
3/23/2005,,1.0035
3/24/2005,,1.37
3/27/2005,,0.881
3/30/2005,,0.3845
3/31/2005,,0.538
4/1/2005,,0.65
4/6/2005,,0.778
4/7/2005,,0.581
4/8/2005,,0.384
4/29/2005,,0.0985
5/2/2005,,0.09
5/11/2005,,0.2015
5/14/2005,,0.147
6/8/2005,,0.18
6/23/2005,,0.15
6/24/2005,,0.137
7/11/2005,,0.11
7/21/2005,,0.181
7/22/2005,,0.153
7/26/2005,,0.201
7/27/2005,,0.296
8/18/2005,,0.12
9/1/2005,,0.083
9/25/2005,,0.288
9/28/2005,,0.118
10/4/2005,,0.11
10/25/2005,,0.065
11/5/2005,,0.548
11/6/2005,,0.35
11/7/2005,,0.157
11/15/2005,,0.452
11/16/2005,,0.318
11/17/2005,,0.185
11/28/2005,,0.131
1/2/2006,,0.2045
1/3/2006,,0.177
1/10/2006,,0.132
1/29/2006,,0.13
3/8/2006,,0.2625
3/9/2006,,0.255666667
3/10/2006,,0.221
3/11/2006,,0.244
3/13/2006,,0.2405
3/14/2006,,0.18
4/2/2006,,0.077
4/3/2006,,2.0375
4/4/2006,,0.193
4/5/2006,,0.234
4/7/2006,,0.1465
4/11/2006,,0.135
4/16/2006,,0.134
4/17/2006,,0.178
4/18/2006,,0.189
4/30/2006,,0.12475
5/1/2006,,0.2185
5/3/2006,,0.184
5/11/2006,,0.198
5/12/2006,,0.142
5/15/2006,,0.213
5/16/2006,,0.133
5/17/2006,,0.133666667
5/18/2006,,0.159
5/24/2006,,0.200666667
5/25/2006,,0.5965
6/25/2006,,0.4725
6/26/2006,,1.1775
6/27/2006,,0.857
6/28/2006,,0.588
7/11/2006,,0.2245
7/12/2006,,0.162
7/13/2006,,0.172
7/20/2006,,0.2215
7/24/2006,,0.161
8/6/2006,,0.178
8/8/2006,,0.153
8/24/2006,,0.240571429
8/25/2006,,0.389
8/26/2006,,0.436
8/28/2006,,0.594
9/5/2006,,0.23
9/11/2006,,0.174
9/12/2006,,0.203666667
9/13/2006,,0.514
9/18/2006,,0.286
9/28/2006,,0.031
10/17/2006,,0.0905
10/18/2006,,0.116
10/21/2006,,0.088
10/22/2006,,0.131
10/23/2006,,0.145
11/6/2006,,0.047
11/28/2006,,0.176
11/29/2006,,0.27
12/1/2006,,0.332
12/11/2006,,0.069
12/21/2006,,0.143
12/22/2006,,0.171
12/24/2006,,0.317
2/12/2007,,0.056
3/1/2007,,0.095
3/9/2007,,0.155
3/11/2007,,0.124
3/12/2007,,0.796666667
3/13/2007,,1.41
3/14/2007,,0.889
3/18/2007,,0.524
3/19/2007,,0.31
3/22/2007,,0.609
3/24/2007,,0.678
3/26/2007,,0.305
3/31/2007,,0.2445
4/1/2007,,0.382
4/2/2007,,0.345
4/3/2007,,0.3615
4/4/2007,,0.574
4/10/2007,,0.148
4/11/2007,,0.136
4/13/2007,,0.112
4/23/2007,,0.1265
4/24/2007,,0.105
4/25/2007,,0.14
4/26/2007,,0.19
4/28/2007,,0.198
5/2/2007,,0.123
6/1/2007,,0.165
6/2/2007,,0.26
6/3/2007,,0.70875
6/4/2007,,0.5405
6/6/2007,,0.466
6/11/2007,,0.068
6/21/2007,,0.607
6/22/2007,,0.102
6/25/2007,,0.064
7/19/2007,,0.101
7/26/2007,,0.3045
7/27/2007,,0.148
7/30/2007,,0.171
8/4/2007,,0.227
8/5/2007,,0.236
8/6/2007,,0.177
8/12/2007,,0.209
8/13/2007,,0.158
8/14/2007,,0.2635
8/15/2007,,0.2475
8/18/2007,,0.250333333
8/19/2007,,0.330666667
8/20/2007,,0.554
8/21/2007,,0.574
8/22/2007,,0.4385
8/24/2007,,0.462
8/25/2007,,0.429
8/27/2007,,0.357
8/29/2007,,0.278
9/4/2007,,0.055
9/10/2007,,0.157
9/20/2007,,0.039
9/21/2007,,0.181
9/28/2007,,0.057
10/17/2007,,0.052
10/18/2007,,0.261333333
10/19/2007,,0.309
10/20/2007,,0.578
10/24/2007,,0.187
12/22/2007,,0.097
12/23/2007,,0.111
12/26/2007,,0.129
1/6/2008,,0.105
1/7/2008,,0.284333333
1/8/2008,,0.3755
1/11/2008,,0.305
1/23/2008,,0.105
2/17/2008,,0.094
3/2/2008,,0.163666667
3/3/2008,,0.2025
3/5/2008,,0.261
3/9/2008,,0.142
3/12/2008,,0.128
3/13/2008,,0.257
3/14/2008,,0.4865
3/16/2008,,0.584
3/18/2008,,0.435
3/19/2008,,0.45
3/22/2008,,0.451
3/25/2008,,0.234
3/26/2008,,0.217
3/27/2008,,0.337
3/31/2008,,0.227
4/1/2008,,0.192
4/2/2008,,0.738
4/4/2008,,0.215
4/8/2008,,0.147
4/9/2008,,0.169
4/10/2008,,0.378
4/11/2008,,0.79525
4/12/2008,,0.928
4/13/2008,,0.519
4/17/2008,,0.211
4/18/2008,,0.147
4/21/2008,,0.217
4/24/2008,,0.132
4/25/2008,,0.536714286
4/27/2008,,0.607
4/29/2008,,0.262
5/2/2008,,0.175
5/6/2008,,0.094
5/18/2008,,0.062
6/8/2008,,0.904
6/9/2008,,1.33
6/10/2008,,0.92
6/12/2008,,0.422
6/13/2008,,0.885666667
6/15/2008,,0.431
6/16/2008,,0.382
6/18/2008,,0.232
6/20/2008,,0.122
6/22/2008,,0.073
6/23/2008,,0.041
6/25/2008,,0.06
6/27/2008,,0.057
6/29/2008,,0.034
7/2/2008,,0.074
7/7/2008,,0.162
7/10/2008,,0.22
7/11/2008,,0.3885
7/12/2008,,0.765
7/13/2008,,0.539
7/15/2008,,0.306
7/16/2008,,0.269
7/19/2008,,0.096
7/20/2008,,0.091
7/22/2008,,0.073
7/23/2008,,0.029
7/25/2008,,0.022
7/27/2008,,0.016
7/29/2008,,0.035
8/4/2008,,0.041
8/7/2008,,0.135
8/10/2008,,0.033
9/4/2008,,0.034
9/7/2008,,0.07
10/9/2008,,0.255
10/12/2008,,0.071
10/15/2008,,0.143
10/20/2008,,0.066
10/22/2008,,0.039
10/24/2008,,0.047
10/25/2008,,0.057
10/28/2008,,0.061
11/30/2008,,0.088
12/14/2008,,0.13
2/7/2009,,0.2
2/10/2009,,1.46
2/11/2009,,1.365
2/14/2009,,0.572
2/17/2009,,0.234
2/21/2009,,0.128
2/26/2009,,0.890666667
2/27/2009,,2.18
3/1/2009,,0.991
3/4/2009,,0.402
3/5/2009,,0.346
3/6/2009,,0.634
3/7/2009,,1.0485
3/9/2009,,0.816
3/10/2009,,1.15
3/11/2009,,0.543
3/12/2009,,0.412
3/14/2009,,0.363
3/16/2009,,0.25
3/19/2009,,0.19
3/20/2009,,0.187
3/22/2009,,0.117
3/24/2009,,0.2145
3/27/2009,,0.344666667
3/30/2009,,0.133
4/1/2009,,0.265
4/7/2009,,0.108
4/8/2009,,0.106
4/16/2009,,0.0555
4/20/2009,,0.068
4/21/2009,,0.089
4/25/2009,,0.099
4/26/2009,,0.318
4/27/2009,,0.618
4/29/2009,,0.189
5/6/2009,,0.132
5/7/2009,,0.109
5/8/2009,,0.079
5/9/2009,,0.20775
5/10/2009,,0.325
5/13/2009,,0.2135
5/14/2009,,0.2005
5/15/2009,,0.279
5/20/2009,,0.081
5/22/2009,,0.041
5/26/2009,,0.0605
5/27/2009,,0.06
5/30/2009,,0.066
6/2/2009,,0.057
6/8/2009,,0.25275
6/10/2009,,0.228
6/12/2009,,0.121
6/13/2009,,0.104
6/16/2009,,0.093
6/19/2009,,0.212
6/22/2009,,0.209
6/29/2009,,0.079
7/21/2009,,0.053
7/22/2009,,0.058
7/26/2009,,0.086
8/8/2009,,0.1105
8/10/2009,,0.122
8/12/2009,,0.141
8/25/2009,,0.041
8/28/2009,,0.109
8/30/2009,,0.051
9/18/2009,,0.037
9/22/2009,,0.266166667
9/23/2009,,0.383
9/24/2009,,0.585
9/30/2009,,0.212
10/1/2009,,0.205
10/2/2009,,0.135
10/13/2009,,0.076
10/22/2009,,0.0885
10/23/2009,,0.253
10/24/2009,,0.645
10/26/2009,,0.458
10/29/2009,,0.222
10/30/2009,,0.203
10/31/2009,,0.614
11/1/2009,,0.603
11/8/2009,,0.093
11/24/2009,,0.084
11/26/2009,,0.092
12/2/2009,,0.092
12/21/2009,,0.065
12/24/2009,,0.105
12/25/2009,,0.139333333
12/26/2009,,0.258
12/28/2009,,0.253
1/2/2010,,0.108
1/16/2010,,0.07
1/24/2010,,0.127333333
1/25/2010,,0.235
1/27/2010,,0.184
2/1/2010,,0.078
2/24/2010,,0.063
3/4/2010,,0.067
3/6/2010,,0.078
3/8/2010,,0.073
3/9/2010,,0.103
3/10/2010,,0.283666667
3/11/2010,,0.567
3/12/2010,,0.543
3/14/2010,,0.388
3/17/2010,,0.227
4/1/2010,,0.075
4/6/2010,,0.167
4/8/2010,,0.22
4/9/2010,,0.336
4/23/2010,,0.074
4/24/2010,,0.149
4/25/2010,,0.091333333
4/26/2010,,0.124
4/30/2010,,0.1005
5/1/2010,,0.086
5/4/2010,,0.096
5/7/2010,,0.071
5/10/2010,,0.071
5/11/2010,,0.067
5/12/2010,,0.072
5/13/2010,,0.223
5/15/2010,,0.172
5/20/2010,,0.082
5/21/2010,,0.097
5/24/2010,,0.085
5/26/2010,,0.1725
5/27/2010,,0.128
5/28/2010,,0.152
5/29/2010,,0.151
6/2/2010,,0.118
6/5/2010,,0.2
6/6/2010,,0.256
6/15/2010,,0.104
6/23/2010,,0.303666667
6/25/2010,,0.391
6/26/2010,,0.292
7/14/2010,,0.081
7/22/2010,,0.222
7/23/2010,,0.416
8/3/2010,,0.124
9/16/2010,,0.063
9/30/2010,,0.065
10/26/2010,,0.214
11/4/2010,,0.123
12/2/2010,,0.075
12/30/2010,,0.095
12/31/2010,,0.268
1/3/2011,,0.425
2/17/2011,,0.784666667
2/18/2011,,1.58
2/19/2011,,1.11
2/20/2011,,0.589
2/22/2011,,0.44
3/20/2011,,0.258333333
3/21/2011,,0.655
3/22/2011,,0.382
3/23/2011,,0.4245
3/24/2011,,0.525
3/25/2011,,0.274
4/13/2011,,0.1045
4/19/2011,,0.137
4/22/2011,,0.144
4/26/2011,,0.183
5/25/2011,,0.142
5/26/2011,,0.143
5/27/2011,,0.211
6/7/2011,,0.1205
6/8/2011,,0.3975
6/9/2011,,0.1855
6/10/2011,,0.208
6/19/2011,,0.1235
7/14/2011,,0.144
8/7/2011,,0.226
9/14/2011,,0.095
9/26/2011,,0.21
10/12/2011,,0.15
10/26/2011,,0.13
11/2/2011,,0.151
11/8/2011,,0.091
11/9/2011,,0.20375
11/10/2011,,0.279
11/14/2011,,0.462
11/23/2011,,0.085
12/3/2011,,0.135
12/14/2011,,0.088
1/23/2012,,0.056
1/31/2012,,0.273
2/22/2012,,0.063
2/28/2012,,0.258
3/6/2012,,0.192
3/21/2012,,0.182
3/30/2012,,0.098
4/12/2012,,0.07
4/14/2012,,0.099
4/19/2012,,0.103
5/2/2012,,0.089
5/6/2012,,0.121
5/18/2012,,0.115
6/13/2012,,0.232
7/16/2012,,0.295
7/25/2012,,0.286
8/15/2012,,0.509
9/11/2012,,0.265
10/8/2012,,0.136
10/14/2012,,0.319
10/17/2012,,0.141
11/9/2012,,0.063
12/12/2012,,0.072
1/8/2013,,0.048
1/10/2013,,0.094
1/29/2013,,1.336583333
1/30/2013,,1.435
1/31/2013,,1.05
2/4/2013,,0.484
2/10/2013,,0.103
2/11/2013,,0.176
2/12/2013,,0.4175
2/13/2013,,0.625
2/14/2013,,0.567
2/15/2013,,0.857
2/16/2013,,0.882
2/18/2013,,0.774
3/8/2013,,0.193
3/10/2013,,0.731
3/11/2013,,0.8095
3/12/2013,,0.7555
3/13/2013,,0.76
3/15/2013,,0.667
3/18/2013,,1.23
3/21/2013,,1.06
3/27/2013,,1.34
3/28/2013,,1.57
3/29/2013,,1.405
3/30/2013,,1.111
3/31/2013,,0.959
4/1/2013,,0.642
4/2/2013,,0.495
4/5/2013,,0.407
4/8/2013,,0.371
4/9/2013,,0.280333333
4/10/2013,,0.3485
4/11/2013,,0.452
4/12/2013,,0.338
4/14/2013,,0.267
4/18/2013,,0.333
4/19/2013,,0.38
4/25/2013,,0.181
5/10/2013,,0.284
5/24/2013,,0.303
6/3/2013,,0.278
6/12/2013,,0.173
6/23/2013,,0.449666667
6/24/2013,,0.49
6/25/2013,,0.291666667
6/26/2013,,0.4515
6/27/2013,,0.631
6/28/2013,,0.54
7/16/2013,,0.295
7/30/2013,,0.177
8/14/2013,,0.153
8/22/2013,,0.385
8/23/2013,,0.195
9/11/2013,,0.216
9/18/2013,,0.131
9/19/2013,,0.2635
9/20/2013,,0.197
10/18/2013,,0.079
11/6/2013,,0.092
11/17/2013,,0.132
11/18/2013,,0.121
2/20/2014,,0.062
3/10/2014,,0.086
3/11/2014,,0.9335
3/12/2014,,1.885
3/13/2014,,1.77
3/14/2014,,1.9925
3/15/2014,,2.126666667
3/16/2014,,1.8
3/17/2014,,1.36
3/19/2014,,1.2975
3/20/2014,,1.82
3/26/2014,,0.304
3/28/2014,,0.218
3/31/2014,,0.357
4/11/2014,,0.087
4/13/2014,,0.25
4/14/2014,,0.4545
4/15/2014,,0.463
4/16/2014,,0.358
4/28/2014,,0.122
4/29/2014,,0.1915
4/30/2014,,0.274
5/1/2014,,0.224
5/12/2014,,0.155333333
5/13/2014,,0.189
5/23/2014,,0.256
5/27/2014,,0.2625
5/28/2014,,0.3495
6/1/2014,,0.277333333
6/2/2014,,0.2714
6/3/2014,,0.384
6/10/2014,,0.243
6/17/2014,,0.255
6/18/2014,,0.243333333
6/19/2014,,0.226333333
6/20/2014,,0.2605
6/24/2014,,0.293
6/30/2014,,0.454
7/1/2014,,0.494333333
7/3/2014,,0.421
7/7/2014,,0.174
8/11/2014,,0.186
8/25/2014,,0.3945
8/26/2014,,0.2455
8/27/2014,,0.334
8/29/2014,,0.458
9/4/2014,,0.507571429
9/5/2014,,0.831
9/6/2014,,0.623
9/29/2014,,0.08
10/13/2014,,0.1655
10/14/2014,,0.1125
10/15/2014,,0.244
10/16/2014,,0.257
10/27/2014,,0.081
11/17/2014,,0.084
11/23/2014,,0.153
11/24/2014,,0.0855
11/25/2014,,0.106
12/11/2014,,0.053
1/16/2015,,0.046
2/23/2015,,0.049
3/8/2015,,0.482
3/9/2015,,1.643333333
3/10/2015,,1.87
3/11/2015,,0.931
3/12/2015,,0.779
3/18/2015,,0.184
4/8/2015,,0.0975
4/9/2015,,0.262714286
4/10/2015,,0.8334
4/11/2015,,0.497
4/13/2015,,0.245
4/17/2015,,0.095
4/23/2015,,0.061
5/21/2015,,0.11
5/24/2015,,0.141
5/25/2015,,0.13
5/26/2015,,0.29475
5/27/2015,,1.194
5/28/2015,,0.872
5/29/2015,,0.44525
5/30/2015,,0.3795
5/31/2015,,0.327
6/1/2015,,0.36
6/11/2015,,0.2135
6/12/2015,,0.22
6/15/2015,,0.342
7/7/2015,,0.2025
7/15/2015,,0.204
8/13/2015,,0.135
8/18/2015,,0.427333333
8/19/2015,,0.241
8/20/2015,,0.208
8/29/2015,,0.36775
8/30/2015,,0.181
9/17/2015,,0.215
9/18/2015,,0.266333333
9/19/2015,,0.232
9/21/2015,,0.189
9/28/2015,,0.16
9/29/2015,,0.285
10/1/2015,,0.504
10/14/2015,,0.19
10/24/2015,,0.183
10/27/2015,,0.194
10/30/2015,,0.229
11/5/2015,,0.199
11/6/2015,,0.157
11/12/2015,,0.1335
11/16/2015,,0.127
11/17/2015,,0.216
11/18/2015,,0.1855
11/19/2015,,0.377
11/25/2015,,0.162
11/26/2015,,0.137
11/27/2015,,0.234666667
11/28/2015,,0.386
11/29/2015,,0.418
11/30/2015,,0.262
12/1/2015,,0.176
12/2/2015,,0.244
12/9/2015,,0.108
12/13/2015,,0.134
12/14/2015,,0.218333333
12/15/2015,,0.492
12/17/2015,,0.367
1/6/2016,,0.121
2/17/2016,,0.042
2/19/2016,,0.3
2/20/2016,,1.19825
2/21/2016,,1.246666667
2/22/2016,,0.711
2/24/2016,,0.425
3/8/2016,,0.062
3/12/2016,,0.079
3/15/2016,,0.212
3/16/2016,,0.27375
3/17/2016,,0.432
3/18/2016,,0.315
3/24/2016,,0.079
3/25/2016,,0.074
3/26/2016,,0.098
3/31/2016,,0.13925
4/1/2016,,0.16
4/4/2016,,0.13
4/6/2016,,0.082
4/7/2016,,0.078
4/20/2016,,0.049
5/9/2016,,0.065
5/10/2016,,0.239
5/12/2016,,0.064
5/13/2016,,0.073
6/14/2016,,0.272333333
6/15/2016,,0.256
6/16/2016,,0.3295
6/17/2016,,0.379
6/26/2016,,0.3295
6/27/2016,,0.33
7/6/2016,,0.1845
7/12/2016,,0.18
7/21/2016,,0.643
7/22/2016,,0.5228
7/23/2016,,0.510666667
7/24/2016,,0.316333333
7/25/2016,,0.447
7/28/2016,,0.365
7/29/2016,,0.291
8/4/2016,,0.136
8/19/2016,,0.1755
8/20/2016,,0.2025
8/21/2016,,0.208
8/27/2016,,0.238
8/29/2016,,0.385
9/6/2016,,0.115
9/7/2016,,0.42
9/8/2016,,1.24
9/12/2016,,0.392
9/19/2016,,0.398666667
9/20/2016,,0.877
9/21/2016,,0.515333333
9/22/2016,,0.8465
9/23/2016,,1.07
10/6/2016,,0.212
10/7/2016,,0.203
10/11/2016,,0.14
10/16/2016,,0.4555
10/17/2016,,0.584
10/18/2016,,0.336
10/26/2016,,0.511
10/27/2016,,1.133333333
10/28/2016,,0.788
10/31/2016,,0.491
11/14/2016,,0.13
11/28/2016,,0.195
11/29/2016,,0.271
11/30/2016,,0.55
12/20/2016,,0.072
12/26/2016,,0.111
1/10/2017,,0.25
1/11/2017,,0.809
1/17/2017,,0.878666667
1/18/2017,,1.14
1/19/2017,,1.59
1/20/2017,,1.556666667
1/21/2017,,1.67
1/23/2017,,1.07
1/24/2017,,0.681
2/14/2017,,0.73
2/15/2017,,1.1
2/16/2017,,0.668
2/20/2017,,0.46
2/21/2017,,0.384333333
2/24/2017,,0.298
2/28/2017,,0.268
3/1/2017,,0.329
3/14/2017,,0.133
3/30/2017,,0.1555
3/31/2017,,0.336
4/3/2017,,0.239
4/11/2017,,0.113
4/15/2017,,0.253
4/16/2017,,0.254666667
4/17/2017,,0.393
4/27/2017,,0.163
4/28/2017,,0.153
5/1/2017,,0.2045
5/2/2017,,0.325
5/4/2017,,0.34
5/15/2017,,0.083
6/14/2017,,0.182
6/17/2017,,0.27425
6/19/2017,,0.27
6/23/2017,,0.232
6/26/2017,,0.211
6/28/2017,,0.218
6/29/2017,,0.215
7/3/2017,,0.279
7/10/2017,,0.3402
7/12/2017,,0.416666667
7/13/2017,,0.508
7/17/2017,,0.354
7/19/2017,,0.503
7/20/2017,,0.4652
7/21/2017,,0.691
7/22/2017,,0.481
7/24/2017,,0.611
8/15/2017,,0.073
8/16/2017,,0.163
9/13/2017,,0.049
10/13/2017,,0.167
11/14/2017,,0.072
12/13/2017,,0.066
1/16/2018,,0.062
1/22/2018,,1.819
1/23/2018,,2.066
2/14/2018,,0.0695
2/15/2018,,0.263
2/16/2018,,1.267
2/17/2018,,2.06
2/19/2018,,0.7085
2/20/2018,,1.605
2/21/2018,,1.345
2/23/2018,,1.23
2/24/2018,,1.585
2/25/2018,,1.597
2/26/2018,,1.59
2/27/2018,,1.59
2/28/2018,,0.853
3/5/2018,,0.264
3/14/2018,,0.1445
4/11/2018,,0.063
4/19/2018,,0.105
4/20/2018,,0.104
4/21/2018,,0.147
5/2/2018,,0.1385
5/3/2018,,0.355
5/4/2018,,0.670666667
5/7/2018,,0.293
5/9/2018,,0.2315
5/10/2018,,0.501
5/11/2018,,0.273
5/12/2018,,0.4845
5/13/2018,,0.308666667
5/14/2018,,0.366666667
5/15/2018,,0.442
5/16/2018,,0.275
5/18/2018,,0.171
5/19/2018,,0.156
5/20/2018,,0.175
5/21/2018,,0.139
5/30/2018,,0.089
6/10/2018,,0.2355
6/11/2018,,0.416
6/13/2018,,0.25
6/14/2018,,0.181
6/15/2018,,0.237
6/16/2018,,0.3728
6/17/2018,,0.289
6/18/2018,,0.22
6/19/2018,,0.24175
6/22/2018,,0.239
6/26/2018,,0.209
6/27/2018,,0.446
6/29/2018,,0.305
7/16/2018,,0.0795
7/18/2018,,0.05
7/20/2018,,0.123666667
8/9/2018,,0.267
8/10/2018,,0.208
8/15/2018,,0.1385
8/16/2018,,0.259
8/17/2018,,0.2075
8/18/2018,,0.298
8/20/2018,,0.65575
8/21/2018,,0.951333333
8/22/2018,,0.752
8/23/2018,,0.358
8/24/2018,,0.405
8/26/2018,,0.335
8/28/2018,,0.415
8/29/2018,,0.79
9/2/2018,,0.424
9/4/2018,,0.484
9/7/2018,,0.523
9/10/2018,,0.279
